transaction_id,customer_id,product_id,quantity,price_per_unit,transaction_date
6d220385-7,6d7a979a-7,9cdf7567-3,5,2508.73,2025-01-06
23e9358c-f,0185a5f8-8,d951a12b-9,6,2637.01,2024-07-21
36d4ac53-b,1babf28e-8,ea696e14-f,3,3231.34,2024-05-12
e151cdb8-c,7251e826-4,d9db1a8a-5,2,2408.61,2025-03-11
d0c7e2ae-f,bb01204c-a,b6544eb8-7,10,373.63,2024-09-22
91259c61-9,cd5a64c0-e,560ab495-1,5,2722.52,2024-08-26
5e6cb204-3,763bb1f9-9,e220a631-2,3,1421.78,2025-03-17
ec5b0bcb-e,624e8a2c-5,95699b19-d,3,4027.48,2024-04-23
a20feb8d-d,0d983bfd-f,ff0ee827-a,5,4043.67,2024-06-13
dc2a02da-d,3f39ab5f-9,95699b19-d,6,4027.48,2024-07-31
612caf08-9,0d983bfd-f,b37952d2-e,1,1500.08,2024-05-16
47cf45d2-6,8d967be4-c,c1a2aac3-7,5,3550.81,2025-02-03
750ad376-3,e669d8fc-e,c32014b7-4,10,333.57,2024-08-31
a6e81082-d,bb01204c-a,1206f00a-0,6,2708.65,2025-01-22
abf07749-0,69a118b7-9,1137bfe2-4,2,4692.25,2025-02-06
edf60904-3,1310a04f-b,bb906874-9,6,3809.64,2024-06-13
7402aa1b-1,9fb83f9a-b,913bba35-4,7,3742.77,2024-10-13
1be095ea-4,1e3c660c-c,fd8f58a9-2,3,460.65,2024-05-29
19e9d9b0-1,6d7a979a-7,d66e55fb-2,9,3115.24,2024-08-14
54120a24-c,4f6c31fb-0,271bc0ab-1,3,1096.67,2024-05-17
bdb639c7-3,2c808b01-e,bb906874-9,10,3809.64,2024-12-01
fd757d10-0,e45f19e4-e,f02313fa-f,6,292.37,2025-02-28
8ff7fba1-4,39af2d84-1,9d584171-9,5,3139.65,2024-04-22
1f2de662-e,92c445d5-5,84c94a80-d,3,1764.35,2024-12-21
499383dd-c,2e29dc2a-d,140750a0-1,7,341.15,2024-05-28
d83f3cb2-4,9a1be0f7-b,b37952d2-e,4,1500.08,2024-05-17
a27cd930-3,74a3ff22-0,b37952d2-e,3,1500.08,2024-09-16
9c4f0e5d-d,d61c7b7b-0,f2fa5e21-e,4,2959.85,2025-02-16
7b4a4a7c-0,212d51a4-5,b37952d2-e,7,1500.08,2024-04-30
c4656271-6,4fa7661e-1,035005bc-9,1,2127.51,2025-01-31
de717bff-8,f8536218-9,922021a1-f,6,3444.64,2024-08-13
4a73cfb7-e,2c808b01-e,d7ec63d7-7,9,4190.08,2024-08-07
1d8a7a17-8,ae038046-a,01ac773e-d,3,2919.64,2024-10-15
f254346f-c,1f36b356-4,d9db1a8a-5,8,2408.61,2025-03-22
6f95da4b-6,94a5d3ca-1,fca61d10-e,7,421.86,2024-09-15
d6952bb2-8,a96c6a1f-d,d7df447c-7,10,2656.62,2024-10-17
32bc4d2c-9,3156e80b-c,0df844f2-7,10,3307.5,2025-01-23
d46027e7-6,62df8eca-c,c32014b7-4,2,333.57,2024-08-09
a0cf13c5-3,874a2adc-6,9414c353-1,3,3740.27,2024-06-11
a121ed41-8,760ef775-4,0cfb4abf-6,1,2152.06,2024-05-28
03abd2fa-6,fd3cdd83-c,d6911d93-9,3,2299.63,2024-12-12
e4b4f1d8-3,34ee0978-c,7324c1df-d,10,1670.5,2025-02-17
a6f795d8-1,95eb8172-e,b4b208a4-5,4,738.13,2024-07-25
83ca2e21-5,c1a03b04-1,e9bff6ed-0,4,4784.67,2024-11-11
9a46c2e7-0,7a85b662-f,befadc51-9,4,4609.92,2024-11-18
a7cb32a0-7,41948164-2,d9bd8870-2,1,2962.55,2025-02-15
437f9790-a,aa0f6a40-3,1137bfe2-4,5,4692.25,2024-05-10
9158a5ba-c,0739d501-d,a60a5180-f,10,3599.18,2024-08-30
8f6e7416-e,69a118b7-9,6f01f108-6,3,2249.53,2024-08-10
0b4e5bb0-2,ef639c6b-7,b4dda7a4-2,1,2948.56,2024-05-17
0bc4f6ae-7,0f55dcde-c,c28dcd83-7,9,2648.73,2024-05-02
d4b66d05-f,e5510004-5,13decee3-9,6,2004.33,2024-09-06
fc9af330-3,a96c6a1f-d,f2fa5e21-e,2,2959.85,2024-12-30
c3e4a184-e,18aafa51-0,f4a6d766-1,2,2602.24,2024-09-09
57c5c961-a,94a5d3ca-1,5954c846-7,10,3168.84,2024-05-11
b7a7a125-9,760ef775-4,199b2e95-b,5,3993.93,2024-07-17
10a1c9e5-d,a5deb2ba-2,bdeb04c6-6,3,2791.35,2024-05-29
58f5911e-1,760ef775-4,7324c1df-d,2,1670.5,2024-11-08
206effc8-9,a7ee5dc3-3,46298e98-a,9,3775.62,2025-03-08
1d6e1362-d,fcf28121-9,d9db1a8a-5,1,2408.61,2024-07-05
dbaefbbd-a,431b63d1-0,3cf6925e-2,1,4132.61,2024-09-10
158052d0-4,fc1ece04-5,c1a2aac3-7,8,3550.81,2024-09-07
21b6e86d-e,e0498de6-5,fca61d10-e,9,421.86,2024-11-22
bd78c4bd-0,e06e94ed-e,abb91990-1,1,1547.77,2024-11-10
bca0c80c-3,0f266190-b,6d325bfc-d,3,4661.23,2024-09-20
1086d7c4-b,fdb7b4ef-6,fd8f58a9-2,7,460.65,2024-06-06
b659ee4a-d,18aafa51-0,b4b208a4-5,7,738.13,2024-11-12
f727892e-2,e5510004-5,d7df447c-7,4,2656.62,2025-03-18
a25621fa-2,39dab267-8,d6911d93-9,8,2299.63,2024-11-26
a664b751-f,54e70394-3,79d91876-8,3,2176.82,2024-07-26
39a44e13-f,2c808b01-e,913bba35-4,3,3742.77,2024-11-05
4716b5e5-d,1babf28e-8,d75d0c61-c,6,4703.43,2024-08-24
322aecd1-0,9c8753cc-8,b4dda7a4-2,6,2948.56,2025-01-01
051b3185-6,43cd136b-5,f4a6d766-1,2,2602.24,2024-12-07
34485d7b-8,4b4ba3e6-c,8f864566-a,2,4025.6,2025-02-20
fe013e3e-a,795b179f-a,b77b8ce0-6,5,1352.36,2024-05-19
3441b28c-6,b0fbcbd4-e,e9fa415b-4,9,2805.54,2025-01-09
36ed2810-1,a5deb2ba-2,0591a423-0,1,4533.67,2025-03-17
35274562-9,54bb7408-c,9cdf7567-3,10,2508.73,2024-06-14
81a25f2b-8,029bfb78-2,02ce108c-1,2,674.38,2024-07-31
690aafed-0,795b179f-a,3d6b6b79-4,9,2100.43,2024-07-02
0500ad24-0,b248cdc0-d,d9bd8870-2,5,2962.55,2024-10-24
9e9dd164-3,b0c540a1-4,a73321a5-a,2,3636.94,2024-06-11
19558ff2-f,4a5d944a-f,1ce6d8dd-e,2,4957.89,2025-04-17
cbcf6000-d,1f36b356-4,9d584171-9,8,3139.65,2024-06-17
3ccdbe69-7,676c5cb8-6,006416af-1,7,1593.79,2024-11-09
6a46da95-c,43cd136b-5,bf4a34c7-2,5,136.31,2024-06-05
eb4cbd3a-d,45b170e2-a,79d91876-8,8,2176.82,2024-10-10
59c06df9-0,7a8fb7f4-d,e007ef0a-d,1,120.67,2024-09-27
217c2ede-1,fd09513c-b,f4a6d766-1,9,2602.24,2025-02-15
e839a975-1,5996af44-5,5584689a-1,10,2799.85,2025-01-19
0f261f5f-e,5996af44-5,5954c846-7,8,3168.84,2025-02-07
9006e7ed-a,7f18fc7a-2,e220a631-2,9,1421.78,2024-04-17
1e18fc86-e,67a4259f-9,71a24091-1,1,4909.66,2024-11-06
dfbc0167-8,cec12367-9,0df844f2-7,5,3307.5,2024-08-23
40071702-3,8068becf-8,ead9c331-f,4,3683.64,2024-08-24
7446d4dc-2,7da9dee4-8,f02313fa-f,2,292.37,2025-03-13
1fe836b3-9,eb691b3a-0,b77b8ce0-6,6,1352.36,2025-02-12
7a375fc2-a,014d57e2-0,d9db1a8a-5,7,2408.61,2024-06-08
78a8e4fd-f,34ee0978-c,fd8f58a9-2,1,460.65,2024-07-30
34b0bf98-b,d82c98cf-d,599e3faa-b,4,264.2,2025-01-16
13356d0f-b,9a1be0f7-b,234f5b68-4,3,418.46,2024-07-17
ca734a37-9,34ee0978-c,d66e55fb-2,4,3115.24,2024-08-08
6ecb0f2d-4,67a4259f-9,ea10df15-4,5,457.02,2024-09-17
b8870514-d,44e52996-0,9cdf7567-3,5,2508.73,2025-01-26
7e64b80d-2,fcf28121-9,1e3a2523-d,5,3890.66,2024-05-14
48f28cc5-b,4fa7661e-1,0df844f2-7,8,3307.5,2024-12-17
b743bbe0-8,624e8a2c-5,a60a5180-f,3,3599.18,2024-09-10
cce3cf44-f,9ca2863b-1,11128a0d-a,3,1226.09,2025-02-13
9a3a108e-a,a0d9f1a6-6,435ff49e-c,2,4617.43,2025-04-09
9f86f923-f,abade6d8-2,5979af8d-6,5,3963.27,2024-08-29
7d674ee9-3,54bb7408-c,a60a5180-f,8,3599.18,2025-01-30
44516528-b,af58b7cc-f,fd8f58a9-2,10,460.65,2024-12-21
807403da-1,763bb1f9-9,421f3be7-8,5,2240.08,2024-12-26
cda0de83-0,ec9218a1-b,435ff49e-c,4,4617.43,2024-12-15
ee68e396-4,5bba27e5-2,ee4d855e-3,8,3481.53,2024-12-22
ee17584a-6,0185a5f8-8,913bba35-4,3,3742.77,2024-06-03
5139f8e0-8,3156e80b-c,d6911d93-9,3,2299.63,2024-08-14
41ddf270-f,54bb7408-c,a6f73525-0,8,4314.21,2024-05-07
57c8cb28-0,6807c0a9-7,5979af8d-6,9,3963.27,2025-02-04
8bc17860-2,dd1faf9f-e,02ce108c-1,7,674.38,2024-07-22
64067a55-4,bea6b8d8-4,736c907d-a,8,4418.1,2024-09-07
e491ec04-9,015846ff-d,11128a0d-a,1,1226.09,2024-10-14
aec85fed-e,9fb83f9a-b,13decee3-9,4,2004.33,2024-05-05
f0790c9c-6,ed6ff3a8-8,f56d262d-4,6,2290.18,2025-02-13
79ded46a-7,a69c4568-4,c1a2aac3-7,10,3550.81,2024-08-27
340ee065-5,25c4e6ff-0,641791b7-5,5,32.59,2025-01-21
a86bd633-3,014d57e2-0,140750a0-1,2,341.15,2024-05-16
84c18528-9,3333eba8-1,e14d405a-f,6,1089.58,2024-12-27
487dd23c-2,fc1ece04-5,01ac773e-d,3,2919.64,2024-10-13
255b2a1b-3,8673273d-5,922021a1-f,8,3444.64,2024-10-28
340518d0-1,a96c6a1f-d,006416af-1,1,1593.79,2024-07-16
a7bfe50d-3,473afacf-0,71345a3d-5,6,2473.45,2024-06-15
5af26df5-c,ae038046-a,ba8354bb-e,4,2217.79,2024-12-10
0a07c25c-1,c31b49bf-c,5584689a-1,4,2799.85,2024-06-02
74461e18-1,09ec264a-2,e14d405a-f,5,1089.58,2025-01-12
3f93457a-3,3720e597-5,90fd8c51-a,9,533.47,2025-02-07
f2e1df32-f,e5510004-5,6d325bfc-d,7,4661.23,2024-09-13
84cb9f9a-f,39dab267-8,4ebb0710-a,10,3590.72,2025-01-21
a2ba43f1-a,24b761c0-1,ba48fcf6-f,3,3023.95,2024-05-21
0e318c76-6,43cd136b-5,ee4d855e-3,3,3481.53,2025-03-10
ba7a5002-6,d170c97a-e,71345a3d-5,5,2473.45,2024-07-10
02720a69-a,13a630b9-2,f7dbb174-d,2,3838.12,2024-11-24
2681845d-7,0ad32ead-4,9fd2907c-8,2,1624.03,2024-08-07
72709555-9,0bfde222-c,9d584171-9,1,3139.65,2025-01-25
0e7225f5-3,e669d8fc-e,b4b208a4-5,4,738.13,2024-08-16
c857e52a-b,e5510004-5,599e3faa-b,8,264.2,2024-08-13
31d3d153-b,62df8eca-c,f4a6d766-1,4,2602.24,2025-02-23
8ac7c530-6,cd5a64c0-e,c0fcbae5-c,7,2439.97,2024-04-17
97f34fad-b,24b761c0-1,11128a0d-a,7,1226.09,2024-08-18
2e4994e9-a,3156e80b-c,b4b208a4-5,3,738.13,2025-03-09
19e2e1ff-6,18aafa51-0,ba4d1663-c,4,3117.51,2024-10-28
eedffe2e-5,a2997fec-f,d951a12b-9,8,2637.01,2024-09-22
86fd98e5-f,3156e80b-c,d9db1a8a-5,6,2408.61,2025-03-19
7710fc97-b,014d57e2-0,8da59db6-3,7,4316.89,2024-12-25
c04d5cd2-7,4ad1833d-f,1206f00a-0,4,2708.65,2024-08-01
325ef9ab-5,a5deb2ba-2,599e3faa-b,8,264.2,2024-06-06
1c4691cc-f,9eec3fa3-4,01ac773e-d,10,2919.64,2024-10-31
fe84262e-f,212d51a4-5,e14d405a-f,3,1089.58,2024-04-22
4bccb951-1,fc1ece04-5,23282239-d,4,207.21,2025-03-21
b0789d5b-f,f020709b-b,d7df447c-7,3,2656.62,2024-08-05
184eb662-d,2c808b01-e,435ff49e-c,1,4617.43,2025-02-17
25af89f7-5,44e52996-0,52c0f6c5-7,10,1139.6,2025-02-09
a6998233-1,b7718ae6-2,f2fa5e21-e,1,2959.85,2024-11-12
215fb1c5-8,43cd136b-5,7324c1df-d,7,1670.5,2024-11-25
1427aa65-8,c5672579-8,3cf6925e-2,7,4132.61,2024-12-10
b9fe0c6e-d,7bfe8e2e-b,a73321a5-a,2,3636.94,2024-11-01
55a22045-1,4bb2d9ae-9,f7dbb174-d,9,3838.12,2024-11-23
7e9e8a2d-8,6807c0a9-7,95699b19-d,9,4027.48,2025-03-09
ea06d225-b,c0fab787-8,fefeb896-0,10,1418.57,2024-07-09
00627f24-c,f0eb2398-2,d3952d35-0,9,2455.13,2025-04-09
bcd5f2c5-3,9a1be0f7-b,8da59db6-3,2,4316.89,2024-12-24
e51df6e3-a,69a118b7-9,b37952d2-e,7,1500.08,2024-05-24
c41f463c-6,1f36b356-4,ac1cf6ac-d,2,1441.54,2024-11-18
201035ae-d,c5672579-8,e1728492-a,3,2075.03,2024-07-17
88919b4a-7,fd3cdd83-c,d9db1a8a-5,3,2408.61,2025-02-07
47a36267-f,cf60f574-c,b37952d2-e,5,1500.08,2024-06-10
d6b0fbd3-7,df6edac5-f,902cab04-0,8,1778.72,2025-04-05
4fb3a44e-8,51b63b79-d,ea10df15-4,3,457.02,2024-06-16
df473d41-1,39cb62ee-f,d4192e6c-e,2,1548.62,2024-08-26
f9ac911c-c,4fa7661e-1,bb906874-9,3,3809.64,2025-01-03
b0c8bfb5-e,210a6885-2,902cab04-0,4,1778.72,2024-08-02
3af4f0ac-7,7da9dee4-8,79d91876-8,1,2176.82,2024-09-26
dfc3ab13-7,e158ce5a-0,9b132f50-5,10,95.36,2024-07-08
ab48259c-5,fc44a907-4,cd2c37b1-0,4,4663.18,2024-05-04
037ac887-a,54e70394-3,fe65cda6-e,2,2522.03,2024-12-19
e8e4a1de-0,4ad1833d-f,ba8354bb-e,6,2217.79,2025-03-13
b3781b48-8,029bfb78-2,7324c1df-d,8,1670.5,2024-10-17
55f61b13-e,dd1faf9f-e,c28dcd83-7,6,2648.73,2024-10-04
19fe4377-8,5a9569dd-5,13decee3-9,1,2004.33,2024-08-06
ee5f78cf-0,253b125f-a,5b1dd758-9,7,4036.0,2025-04-04
12d4fd46-7,4b4ba3e6-c,4ebb0710-a,6,3590.72,2024-12-03
860a4448-d,f0eb2398-2,90fd8c51-a,4,533.47,2025-02-14
17a67c21-1,fc44a907-4,90fd8c51-a,7,533.47,2024-07-18
d003bb23-1,336f1a49-6,9414c353-1,7,3740.27,2024-11-26
b68474e7-f,24b761c0-1,ba4d1663-c,10,3117.51,2024-09-18
79dfefd7-5,0f266190-b,a6f73525-0,8,4314.21,2024-07-03
13625044-e,4f6c31fb-0,b37952d2-e,3,1500.08,2024-08-15
099ebcc9-a,2e29dc2a-d,641791b7-5,7,32.59,2025-03-27
15b0eaab-c,6d7a979a-7,5584689a-1,9,2799.85,2025-04-16
44b93853-f,45b170e2-a,90fd8c51-a,9,533.47,2024-12-29
e09a84b9-b,559ad0e4-2,2c8c1677-e,2,2961.58,2024-08-04
4f562f2d-7,5bba27e5-2,3d6b6b79-4,10,2100.43,2024-09-15
670da733-c,4b4ba3e6-c,1137bfe2-4,2,4692.25,2025-02-22
95f63483-7,39dab267-8,d66e55fb-2,6,3115.24,2024-05-24
8cfc0b0b-4,69a118b7-9,6d2adae0-3,10,3778.49,2025-03-22
d90916ec-7,4bb2d9ae-9,befadc51-9,4,4609.92,2024-12-14
88669137-5,fe0f5052-9,902cab04-0,8,1778.72,2024-10-08
358ef45e-3,e641c273-b,e2f3db18-8,3,4823.32,2025-03-09
46e71d2e-9,e158ce5a-0,81d6bcba-c,7,1733.76,2024-06-01
d212e503-e,2f0ba155-7,d4192e6c-e,9,1548.62,2024-09-05
6292306d-e,42d2c687-3,25e9df53-a,9,1281.66,2024-08-22
d1690ed5-8,25c4e6ff-0,a73321a5-a,9,3636.94,2024-10-22
f142ad0d-2,0ad32ead-4,11128a0d-a,8,1226.09,2024-10-19
5b92812b-0,2f0ba155-7,bf4a34c7-2,4,136.31,2024-05-01
6d2ca4a2-4,67f7fa62-5,7ebb193c-6,7,3169.24,2025-02-13
9219d854-c,9b38eb26-5,f2fa5e21-e,5,2959.85,2024-10-27
e6d83612-7,94a5d3ca-1,ff8accd7-f,2,1503.25,2024-06-06
0bf56939-b,ec9218a1-b,1ce6d8dd-e,10,4957.89,2024-08-19
69bbc1d2-b,a10efcb2-e,c32014b7-4,3,333.57,2025-04-07
3f8d5926-5,559ad0e4-2,e14d405a-f,7,1089.58,2024-06-03
c29a6a65-d,39dab267-8,d7df447c-7,7,2656.62,2024-07-03
8e56394c-7,e06e94ed-e,bb906874-9,10,3809.64,2024-09-13
7c61a92d-b,63a8e7be-5,ac1cf6ac-d,8,1441.54,2025-03-09
f6ffaf9a-9,1e3c660c-c,b4dda7a4-2,6,2948.56,2025-03-25
bed23b50-d,3720e597-5,ec475451-4,5,3902.11,2024-07-16
2ca49fb9-8,5996af44-5,fca61d10-e,6,421.86,2025-02-02
465c05eb-6,9ca2863b-1,f78352eb-c,10,2597.21,2025-04-04
e9148a2e-e,e5510004-5,e1728492-a,2,2075.03,2024-05-05
33b196f3-2,fe0f5052-9,693dfe53-5,5,3455.41,2024-09-14
ddd60760-e,e641c273-b,035005bc-9,3,2127.51,2025-03-20
add45639-9,be7f55db-a,24192e2a-d,10,1470.01,2025-01-05
4e631d20-e,c9634132-a,d661cb19-b,7,196.8,2024-11-01
75e88806-2,62df8eca-c,6d325bfc-d,5,4661.23,2024-11-29
349b4361-0,2538d4a0-0,46298e98-a,10,3775.62,2024-11-22
45dedfb4-e,8068becf-8,4ebb0710-a,6,3590.72,2024-12-12
4d9e582b-c,75e7daca-5,c48cce92-c,1,2903.27,2024-09-29
85cc3666-2,4fa7661e-1,71345a3d-5,3,2473.45,2025-03-28
9f5b9700-5,edd4c88d-9,e1728492-a,7,2075.03,2024-06-13
664746b7-1,411f4ee3-a,9b132f50-5,2,95.36,2024-11-08
ca295f7f-4,33ab4a14-6,ee4d855e-3,1,3481.53,2024-12-13
d3bac4cc-1,0f266190-b,199b2e95-b,10,3993.93,2025-01-14
9edb6549-d,fe0f5052-9,6f19f08c-e,2,4681.52,2024-06-26
6b3b0585-c,014d57e2-0,13decee3-9,1,2004.33,2025-02-12
b610be0a-d,05677a8f-d,ea696e14-f,2,3231.34,2025-02-25
5e3a4ba6-7,f8536218-9,8f864566-a,6,4025.6,2024-07-09
21e10ef6-0,0f55dcde-c,693dfe53-5,5,3455.41,2024-09-10
94975d63-6,874a2adc-6,779a8fbe-d,8,4311.49,2024-04-28
ef0374b7-0,95eb8172-e,2c8c1677-e,4,2961.58,2024-07-25
e08aae50-2,be7f55db-a,e1728492-a,6,2075.03,2024-09-27
7ffb88c2-b,fd3cdd83-c,d9db1a8a-5,3,2408.61,2024-12-15
41b5dc3c-8,45b170e2-a,25c495fa-9,7,3105.51,2024-05-23
199045ff-1,e641c273-b,ec2f8b4b-8,8,2096.21,2024-08-05
0611e9c6-d,bea6b8d8-4,435ff49e-c,9,4617.43,2024-07-22
b0d1dfd1-d,a7ee5dc3-3,3cf6925e-2,2,4132.61,2025-04-12
83834340-d,fc44a907-4,3cf6925e-2,7,4132.61,2025-03-24
c4e5957b-c,cba6dd91-7,234f5b68-4,9,418.46,2025-03-29
fc01c001-9,df268112-f,140750a0-1,9,341.15,2024-06-10
30c95122-5,94a5d3ca-1,6f01f108-6,10,2249.53,2025-02-21
97d4cd0d-6,760ef775-4,3d6b6b79-4,3,2100.43,2024-06-04
64d882d4-7,7a85b662-f,5b1dd758-9,8,4036.0,2025-04-01
4a076ac7-e,1e3c660c-c,6583fdff-9,3,2890.11,2024-04-19
b9c0575e-6,e7a80824-8,befadc51-9,5,4609.92,2025-02-27
60138eb1-b,473afacf-0,779a8fbe-d,10,4311.49,2025-01-06
103f0c65-4,e669d8fc-e,f02313fa-f,7,292.37,2024-10-20
41238639-b,336f1a49-6,71a24091-1,9,4909.66,2024-05-17
5d9bc7b7-f,39af2d84-1,f78352eb-c,7,2597.21,2024-05-25
eede370b-7,9ca2863b-1,4ebb0710-a,3,3590.72,2024-12-21
0b080c5e-5,759f419c-9,b37952d2-e,4,1500.08,2025-04-15
2b81e334-7,44e52996-0,902cab04-0,5,1778.72,2024-09-07
607cf6ee-2,2d765d9b-f,435ff49e-c,8,4617.43,2024-11-24
35955292-0,f9cacf3e-a,c1a2aac3-7,4,3550.81,2024-09-22
05a0194d-2,9406ded5-7,b6544eb8-7,8,373.63,2024-09-09
e7309527-2,a10efcb2-e,8da59db6-3,4,4316.89,2024-05-26
f1fec962-a,765a5cb7-8,fd8f58a9-2,7,460.65,2024-08-20
d4fbc04b-f,54e70394-3,a73321a5-a,6,3636.94,2024-06-02
b4be7152-a,7a85b662-f,d9bd8870-2,7,2962.55,2024-05-17
bad05469-2,1174ae96-2,3471897c-2,10,2078.65,2025-04-08
b9cea96a-3,763bb1f9-9,02ce108c-1,10,674.38,2024-10-03
79361b35-e,edd4c88d-9,f4a6d766-1,10,2602.24,2024-06-05
c07cda36-c,d170c97a-e,5954c846-7,5,3168.84,2025-03-03
28f54d64-0,d64b565d-a,bb906874-9,8,3809.64,2024-09-14
49a201d7-8,212d51a4-5,035005bc-9,7,2127.51,2024-11-06
bd53ce51-a,62df8eca-c,b4dda7a4-2,3,2948.56,2025-01-18
8cbf1827-d,8a20bbe3-9,02ce108c-1,4,674.38,2024-04-17
af01ae2f-6,5a9569dd-5,b2533ac9-f,8,3293.11,2024-10-02
fffc4ee1-6,2d765d9b-f,52c0f6c5-7,5,1139.6,2024-11-03
07ed2c5a-9,6137b5ae-8,71a24091-1,4,4909.66,2024-12-29
1fb94fd4-f,eea85b65-f,f02313fa-f,7,292.37,2024-05-15
ab082d91-6,c71e3ccc-7,24192e2a-d,7,1470.01,2024-08-30
e232f13a-c,b0fbcbd4-e,cd2c37b1-0,2,4663.18,2024-11-07
30dcb0cd-3,62df8eca-c,902cab04-0,3,1778.72,2025-03-01
04aec66c-1,39af2d84-1,234f5b68-4,7,418.46,2024-08-06
8da35b2e-b,ec9218a1-b,d9db1a8a-5,7,2408.61,2024-10-24
edc4124c-c,473afacf-0,e2f3db18-8,9,4823.32,2024-12-31
b5490906-e,51b63b79-d,02ce108c-1,3,674.38,2024-11-04
71ac0669-d,cb22b537-8,f924fbc8-5,5,4341.19,2024-06-16
fbbeb3ae-b,42d2c687-3,23282239-d,7,207.21,2024-12-06
1a328488-3,0ad32ead-4,c44607a1-6,5,3144.03,2024-07-02
b46a1aa0-c,18aafa51-0,ff8accd7-f,6,1503.25,2024-09-23
9578c1ae-1,6807c0a9-7,c44607a1-6,3,3144.03,2024-07-10
51ab4fe6-7,9fb83f9a-b,199b2e95-b,4,3993.93,2025-01-02
d997af7c-1,4ad1833d-f,902cab04-0,3,1778.72,2024-10-07
e34b11c3-0,fe0f5052-9,b2533ac9-f,2,3293.11,2024-12-28
c975f0de-7,411f4ee3-a,0e904bf1-5,8,1193.04,2024-08-29
626a5e32-a,029bfb78-2,0df844f2-7,2,3307.5,2024-05-23
e1c4ce36-1,21b3bc6a-b,81d6bcba-c,6,1733.76,2024-06-27
5be3b967-4,676c5cb8-6,c44607a1-6,4,3144.03,2024-05-05
cff4f36f-8,795b179f-a,0cfb4abf-6,3,2152.06,2024-09-19
a3bba5a1-f,3f39ab5f-9,d951a12b-9,6,2637.01,2025-04-09
9912a406-4,2e816840-a,6f19f08c-e,9,4681.52,2025-02-14
aa52840e-5,cba6dd91-7,d951a12b-9,8,2637.01,2024-10-14
5be604f2-3,b248cdc0-d,560ab495-1,4,2722.52,2024-11-30
9ff89eaf-f,92c445d5-5,9414c353-1,8,3740.27,2024-05-28
5ca85ac9-9,624e8a2c-5,f7dbb174-d,5,3838.12,2024-11-05
69742566-3,fd09513c-b,e1728492-a,2,2075.03,2024-08-01
36f35c1c-6,f21621b9-d,81d6bcba-c,4,1733.76,2024-08-13
77a9acb1-a,fe0f5052-9,0cfb4abf-6,6,2152.06,2024-09-08
55f13e6c-4,67f7fa62-5,90fd8c51-a,10,533.47,2024-08-18
8c822588-3,af58b7cc-f,79d91876-8,8,2176.82,2024-12-04
d9381835-c,25c4e6ff-0,5584689a-1,3,2799.85,2024-05-29
a1fe5e51-c,39dab267-8,fefeb896-0,5,1418.57,2025-04-13
65cc1579-9,74a3ff22-0,199b2e95-b,1,3993.93,2024-12-06
68d26e47-5,09ec264a-2,3cf6925e-2,1,4132.61,2024-11-08
bd75c3db-4,814a979d-8,035005bc-9,6,2127.51,2024-09-22
906140f7-9,e669d8fc-e,d661cb19-b,10,196.8,2024-08-23
7677adf1-6,ba3cfc5a-0,a8afd609-0,8,3933.14,2024-07-29
6e3aeb49-e,21b3bc6a-b,ec475451-4,9,3902.11,2024-08-15
995db22d-0,af58b7cc-f,ff0ee827-a,8,4043.67,2025-04-17
8921af10-5,4bb2d9ae-9,01ac773e-d,5,2919.64,2024-10-17
2337a5ba-e,a0d9f1a6-6,97c0d8d4-e,9,598.11,2025-03-26
930cea3b-3,ed6ff3a8-8,8f864566-a,6,4025.6,2024-09-01
15092743-2,4fa7661e-1,e1728492-a,1,2075.03,2024-11-26
db4e905f-3,39cb62ee-f,bdeb04c6-6,5,2791.35,2024-07-03
bf40b0a8-e,814a979d-8,a73321a5-a,10,3636.94,2024-08-25
e8fc1a63-5,fd09513c-b,140750a0-1,9,341.15,2024-06-19
d3c0f776-9,6807c0a9-7,a73321a5-a,9,3636.94,2025-01-07
5aee5e34-5,1e3c660c-c,902cab04-0,10,1778.72,2024-12-27
21172f62-a,24b761c0-1,913bba35-4,7,3742.77,2024-04-29
b4d9f112-b,ba3cfc5a-0,b37952d2-e,7,1500.08,2024-04-27
7102e375-e,7f18fc7a-2,435ff49e-c,9,4617.43,2024-12-17
c29ea4aa-f,144bde27-6,24192e2a-d,2,1470.01,2024-11-24
5f30828f-7,df6edac5-f,ea10df15-4,9,457.02,2025-04-01
e9c89544-2,cb22b537-8,d9db1a8a-5,2,2408.61,2024-08-03
909b2afb-1,624e8a2c-5,3cf6925e-2,4,4132.61,2024-09-23
7e66fa62-c,4c7561b9-3,0e904bf1-5,9,1193.04,2025-02-12
4a308e8f-4,9b38eb26-5,5a005b7b-4,4,4949.37,2025-02-14
517240ee-7,fcf28121-9,736c907d-a,10,4418.1,2024-10-09
687744fb-3,cd5a64c0-e,37f2f540-d,5,113.86,2024-06-08
156dc539-5,8d967be4-c,d75d0c61-c,3,4703.43,2024-06-20
66929d4e-7,a9253dc4-6,6d325bfc-d,5,4661.23,2024-09-30
b5882efd-4,1174ae96-2,9b132f50-5,4,95.36,2025-02-26
f63bbc2b-1,603d48f1-a,2314cbf9-1,2,655.15,2024-07-21
6f752d7a-d,74a3ff22-0,37f2f540-d,9,113.86,2024-06-13
5234300b-0,af58b7cc-f,8ae05935-2,6,2711.15,2025-04-07
e59d18a2-4,af58b7cc-f,5954c846-7,1,3168.84,2025-02-01
7b41b046-2,b248cdc0-d,fefeb896-0,8,1418.57,2025-04-12
75e6f074-d,212d51a4-5,1ce6d8dd-e,4,4957.89,2024-07-20
1374d980-f,4b4ba3e6-c,fefeb896-0,8,1418.57,2024-07-28
3eca3821-0,d2d9794f-a,6f19f08c-e,10,4681.52,2025-04-08
0a00ccc6-e,51b63b79-d,e9fa415b-4,7,2805.54,2024-12-23
9b33b065-a,1babf28e-8,7324c1df-d,9,1670.5,2024-08-27
bcca3f67-9,a69c4568-4,736c907d-a,1,4418.1,2024-06-15
12ddf641-6,2e605ee3-7,d4192e6c-e,9,1548.62,2025-03-30
92ec430a-7,0bfde222-c,f7dbb174-d,5,3838.12,2024-05-25
c65fec99-4,24b761c0-1,e6d7b7f5-2,9,3569.11,2024-09-22
ae889e5e-c,624e8a2c-5,9f1065ee-5,5,39.72,2024-07-29
23cb44dd-3,54e70394-3,8f864566-a,10,4025.6,2024-04-30
93da602f-9,f69f7ecd-6,d951a12b-9,8,2637.01,2024-07-25
eead0fd1-7,eea85b65-f,902cab04-0,7,1778.72,2024-10-04
d9914e7f-9,df268112-f,d3952d35-0,5,2455.13,2024-11-28
bf36191d-7,a69c4568-4,5979af8d-6,1,3963.27,2024-08-20
35d3d25e-9,aa0f6a40-3,46298e98-a,4,3775.62,2024-06-30
d8bd7beb-7,92c445d5-5,9cdf7567-3,9,2508.73,2025-04-12
91799590-6,e641c273-b,1206f00a-0,3,2708.65,2025-01-06
b4795be9-4,7bfe8e2e-b,6583fdff-9,7,2890.11,2024-08-23
fa27ed0c-1,0ad32ead-4,e220a631-2,7,1421.78,2024-10-24
0400475e-7,fdb7b4ef-6,25e9df53-a,1,1281.66,2025-04-13
f3421ab6-b,7f18fc7a-2,71a24091-1,6,4909.66,2024-12-25
9e3661b5-2,bdf6c4e7-a,6f01f108-6,5,2249.53,2025-02-08
e09fc753-4,63a8e7be-5,c28dcd83-7,7,2648.73,2024-06-03
7d2b2b9f-4,fc44a907-4,25e9df53-a,8,1281.66,2025-01-07
be31c887-6,e669d8fc-e,779a8fbe-d,5,4311.49,2024-07-09
1e5f87a1-b,e5510004-5,1206f00a-0,3,2708.65,2024-06-24
b5abb862-f,33ab4a14-6,81d6bcba-c,8,1733.76,2024-12-03
e361ec8d-e,bb01204c-a,e6d7b7f5-2,6,3569.11,2024-07-11
548610de-b,0d983bfd-f,6f01f108-6,1,2249.53,2024-05-06
f1e10b5c-e,edd4c88d-9,736c907d-a,7,4418.1,2024-09-07
4a647484-3,f8536218-9,2314cbf9-1,3,655.15,2025-02-05
98b22c7d-c,e5510004-5,140750a0-1,5,341.15,2025-04-07
7a8ddb08-e,1f36b356-4,71a24091-1,6,4909.66,2025-03-30
ab5f0457-1,05677a8f-d,01ac773e-d,5,2919.64,2024-06-17
af6c6ac4-1,f0eb2398-2,ea10df15-4,1,457.02,2024-10-11
7d06a884-7,559ad0e4-2,b2533ac9-f,10,3293.11,2024-07-18
808308c2-1,be7f55db-a,2c8c1677-e,10,2961.58,2024-12-09
405e0e94-4,5a9569dd-5,9a958ce8-0,9,1596.12,2024-10-27
b16b1ec2-6,6d7a979a-7,421f3be7-8,8,2240.08,2024-11-04
d8d8a48f-c,a5deb2ba-2,01ac773e-d,1,2919.64,2024-06-22
3a42d83d-f,abade6d8-2,6f01f108-6,2,2249.53,2024-05-21
0ee30f29-8,4bb2d9ae-9,1206f00a-0,4,2708.65,2024-09-23
84866d38-3,cb22b537-8,bf4a34c7-2,5,136.31,2024-07-23
13f5adf9-5,e158ce5a-0,560ab495-1,9,2722.52,2025-01-31
0045f20a-f,4c7561b9-3,f3bcfe84-5,6,993.67,2025-02-24
6fe8231b-7,e669d8fc-e,1206f00a-0,8,2708.65,2025-02-05
e88b2346-8,7e7ee2f0-6,ba8354bb-e,10,2217.79,2024-05-20
e5176770-d,559ad0e4-2,ead9c331-f,5,3683.64,2024-06-25
b0f2fa34-a,fc1ece04-5,736c907d-a,3,4418.1,2025-03-05
567d3b53-d,54e70394-3,d951a12b-9,9,2637.01,2024-05-31
5ee78552-1,8a20bbe3-9,0591a423-0,8,4533.67,2024-10-02
733687d5-2,bdf6c4e7-a,95699b19-d,1,4027.48,2024-07-19
92e52e17-a,c31b49bf-c,b4dda7a4-2,6,2948.56,2024-07-01
2be1a746-d,bb01204c-a,9d584171-9,1,3139.65,2025-02-03
1d16e730-3,ef639c6b-7,ba8354bb-e,3,2217.79,2025-03-27
09731396-8,eb691b3a-0,c44607a1-6,2,3144.03,2024-06-16
4f377da3-d,df6edac5-f,02ce108c-1,1,674.38,2024-05-31
b5d6fd00-e,0ad32ead-4,1206f00a-0,4,2708.65,2025-01-01
9e80dabd-f,cb22b537-8,d951a12b-9,1,2637.01,2025-02-14
b092b6ab-7,2c808b01-e,ee4d855e-3,7,3481.53,2025-01-21
3fce146d-3,1f36b356-4,bf4a34c7-2,4,136.31,2024-04-22
df56216c-7,f8536218-9,71a24091-1,5,4909.66,2024-06-01
aaecb9fe-7,eb691b3a-0,d4192e6c-e,5,1548.62,2024-09-11
9dc1ff11-1,0739d501-d,9fd2907c-8,3,1624.03,2025-03-13
f04f8e08-1,ef639c6b-7,ea696e14-f,3,3231.34,2025-03-11
81e418d9-b,6d7a979a-7,9a958ce8-0,6,1596.12,2025-02-24
8cf4b23a-f,473afacf-0,e6d7b7f5-2,8,3569.11,2024-07-25
ea44854b-4,ba3cfc5a-0,ea696e14-f,1,3231.34,2025-03-26
65b7f758-7,8d967be4-c,c1a2aac3-7,7,3550.81,2025-01-31
20703952-1,7e7ee2f0-6,ba8354bb-e,10,2217.79,2024-10-21
3907bf1b-c,1174ae96-2,84c94a80-d,3,1764.35,2025-02-23
6294969d-f,1babf28e-8,c48cce92-c,3,2903.27,2024-09-12
2a8d14c5-8,1f36b356-4,560ab495-1,8,2722.52,2024-07-02
81de3492-8,5996af44-5,c32014b7-4,5,333.57,2024-10-23
19f754aa-1,ef639c6b-7,79d91876-8,2,2176.82,2025-02-01
cb1d8270-f,bb01204c-a,e2f3db18-8,7,4823.32,2025-02-24
5900d073-e,2538d4a0-0,1206f00a-0,2,2708.65,2024-11-10
d073651b-3,411f4ee3-a,234f5b68-4,9,418.46,2024-09-28
88bd4422-8,aa0f6a40-3,13decee3-9,9,2004.33,2024-07-20
65be3881-c,ed6ff3a8-8,d951a12b-9,10,2637.01,2024-05-27
d698064e-5,af58b7cc-f,9b132f50-5,6,95.36,2025-03-10
373df8bc-a,6137b5ae-8,6d2adae0-3,8,3778.49,2025-01-25
c5b085b2-c,9406ded5-7,0e904bf1-5,8,1193.04,2024-07-26
5da9da3e-b,66a3bb6c-d,7ebb193c-6,7,3169.24,2024-05-02
66678a09-1,0ad32ead-4,9a958ce8-0,4,1596.12,2024-06-08
082ebe56-1,80dbd009-e,97c0d8d4-e,2,598.11,2024-11-09
b0805b69-b,d170c97a-e,fe65cda6-e,4,2522.03,2024-09-21
eb73870f-5,fcf28121-9,b4dda7a4-2,5,2948.56,2024-12-28
119ba988-3,763bb1f9-9,11128a0d-a,2,1226.09,2024-07-06
91d67c25-e,210a6885-2,81d6bcba-c,8,1733.76,2024-04-25
99fb60a9-4,760ef775-4,ba8354bb-e,8,2217.79,2024-11-29
8371c15a-7,44e52996-0,0df844f2-7,9,3307.5,2024-12-02
21ce0458-5,ae038046-a,01ac773e-d,3,2919.64,2024-08-11
79f42ce1-c,2538d4a0-0,d9db1a8a-5,9,2408.61,2024-12-08
3c1c759b-3,e0498de6-5,199b2e95-b,7,3993.93,2024-06-21
7a872b7d-3,210a6885-2,90fd8c51-a,6,533.47,2024-11-20
25d3addf-8,795b179f-a,e220a631-2,3,1421.78,2024-07-26
64ef00fe-8,4b4ba3e6-c,d3952d35-0,4,2455.13,2024-08-17
92f64332-f,3156e80b-c,e9fa415b-4,10,2805.54,2024-06-05
adec56cd-2,39af2d84-1,befadc51-9,8,4609.92,2024-08-05
64a97d0d-b,43b4dedd-7,37f2f540-d,3,113.86,2024-06-07
0c64e1d8-c,43cd136b-5,421f3be7-8,7,2240.08,2025-03-29
953cdbb3-f,fc44a907-4,ff0ee827-a,6,4043.67,2024-10-30
e93ba0da-3,2538d4a0-0,9b132f50-5,3,95.36,2024-09-07
7889806d-1,4f6c31fb-0,02ce108c-1,7,674.38,2024-11-02
f9370f09-a,4fa7661e-1,035005bc-9,2,2127.51,2025-01-12
f4cf57bf-0,d61c7b7b-0,ec475451-4,4,3902.11,2024-11-27
6c3a4c2e-9,41948164-2,9b132f50-5,9,95.36,2025-01-08
d5468bea-6,814a979d-8,b86767aa-e,5,2363.86,2024-10-23
77246f8c-c,51b63b79-d,a6f73525-0,10,4314.21,2025-03-19
51a0b012-3,70471459-b,d3952d35-0,8,2455.13,2024-05-07
b88b94c7-b,a96c6a1f-d,79d91876-8,3,2176.82,2024-09-01
75020575-9,760ef775-4,cf102b79-d,4,2873.13,2025-01-23
ca2bb275-7,144bde27-6,f3bcfe84-5,3,993.67,2024-12-21
3148a0c1-c,8bd95b24-4,97c0d8d4-e,10,598.11,2024-07-01
d2c9e134-c,1f36b356-4,5b1dd758-9,10,4036.0,2024-11-21
91bb0404-7,fe0f5052-9,7324c1df-d,5,1670.5,2025-03-18
282ea2fc-2,431b63d1-0,271bc0ab-1,7,1096.67,2025-03-07
9a4f71fd-c,327d6347-7,1137bfe2-4,8,4692.25,2025-03-12
adeddf78-8,1f36b356-4,9414c353-1,10,3740.27,2025-01-13
a13f15d3-7,9fb83f9a-b,a8afd609-0,10,3933.14,2024-08-30
da66d102-3,653fb168-f,43395dd9-e,3,1114.67,2025-01-28
55a51922-7,ae2f23ab-a,ff0ee827-a,7,4043.67,2024-06-02
f30121a1-e,6807c0a9-7,5584689a-1,5,2799.85,2024-10-08
d9f95b1c-4,336f1a49-6,0df844f2-7,3,3307.5,2025-03-28
d279c7dc-6,0f55dcde-c,11128a0d-a,5,1226.09,2024-05-14
2c834509-1,7a85b662-f,9d584171-9,10,3139.65,2024-08-14
1ec8c441-b,cba6dd91-7,37f2f540-d,4,113.86,2025-02-25
ced4c5d9-d,4136cfdd-5,71a24091-1,3,4909.66,2024-11-05
99d98c39-c,763bb1f9-9,d3952d35-0,5,2455.13,2024-07-22
5bca7e5e-3,4b80d966-e,ec475451-4,8,3902.11,2025-03-28
d0d2c390-b,39af2d84-1,f924fbc8-5,4,4341.19,2024-08-02
d883ef4c-4,42d2c687-3,199b2e95-b,10,3993.93,2024-11-24
402535d9-9,1174ae96-2,d6911d93-9,6,2299.63,2024-10-06
151df889-c,fc1ece04-5,7cd622b1-d,5,4895.31,2025-04-07
b5a20854-7,fd3cdd83-c,23282239-d,10,207.21,2025-03-03
f15f81f0-0,2e816840-a,e2f3db18-8,10,4823.32,2025-03-20
76afedc7-2,41948164-2,7324c1df-d,10,1670.5,2024-06-30
adda8701-f,abade6d8-2,fca61d10-e,10,421.86,2024-06-25
630e3274-3,0bfde222-c,f02313fa-f,5,292.37,2025-04-12
bc609291-d,d170c97a-e,24192e2a-d,2,1470.01,2024-10-14
903694ce-8,4f6c31fb-0,fd8f58a9-2,3,460.65,2024-06-05
