supplier_id,supplier_name,contact_person,email,phone_number,city
ea5c6cec-e,Henderson PLC,Brady Patterson,kevin27@example.com,9466373903,Port Anitaton
b50cefde-d,Powers Group,Daniel Hill,loretta23@example.org,9113598852535,Sextonton
8bb4a374-f,Rodriguez LLC,David Tapia,ywells@example.org,00132694197692004,Loganstad
5cfe9a32-a,"Miller, Kelly and Nelson",Jillian Hayes,vhill@example.org,5602778436,Shorthaven
f6ea0e8c-3,"Lee, Sanchez and Smith",Joseph Tyler,smithlogan@example.com,71065339727113,North Timothy
87294693-e,Hansen Inc,Pamela Williams,stephen45@example.org,16005718914,Cruzview
e57f9c7a-b,Foster Ltd,Katrina Myers,mcdowellshelby@example.com,00194664176046382,Port Danielletown
2040955d-9,"Delacruz, Moore and Lopez",Robert Perkins,brandon66@example.net,2738394136,Leonardberg
984a89c7-1,Rodriguez-Reid,Marissa Reed,vjordan@example.org,203282402376315,Parsonsfort
10f70d13-7,"Crawford, Flores and Smith",Sonya Williams,rickysmith@example.com,0018397766113710,Matthewchester
56efd4c5-0,Reed-Jones,Dr. Donald Rodgers,kpadilla@example.org,5192171944,Spencerberg
dab1b75c-d,"Smith, Johnson and Mcgrath",Michael Hurst,shellygardner@example.com,3378854511,Vaughntown
3c185107-e,Lewis-Stewart,Katherine Richardson,johngreen@example.net,54476703108291,East Justin
007defa4-a,"Ramsey, Baker and Johnson",Michelle Barnes,leonardamanda@example.com,0018915059054,Port Gary
aef4fb71-1,Ruiz-Lopez,Dale Pierce,zevans@example.net,2862179790,Port Judithmouth
b43913be-d,Smith-Reeves,Kristen Delacruz,nicole26@example.org,19037461594865,Lake Saraville
e11d2cc8-2,"Mcmahon, Hoffman and Ashley",Christopher Hurst,zavaladaniel@example.org,136547994247262,West Jenniferhaven
f5534fd4-4,Allen PLC,Julie Russell,phelpskristin@example.net,161262472097578,West Mistyborough
b8014e04-4,Edwards-Montgomery,Mary Lindsey,tommy47@example.org,92372532471206,Robertoport
66c61c76-8,Jones PLC,Jordan Wagner,alejandrascott@example.org,7427393964,Maryshire
23efeb01-6,Stuart LLC,Kimberly Beltran,ericahunter@example.com,4563820749,West Jodyburgh
c4ef7db4-5,Jones and Sons,William Johnson,laura29@example.org,477858009158606,Lesliefurt
c1367802-7,"Lang, Pierce and Campos",Anthony Graves,xclark@example.org,482211556690334,Vasquezland
aade3cbd-f,Jones-Wu,Michael Sandoval,fisherrichard@example.net,264451709816169,Port Heather
f255bfba-8,Knight-Castaneda,Jesus Bates,lpruitt@example.org,30340662952995,Marybury
1623ff46-2,"Waters, Cantu and Cox",Sherry Roth,diane07@example.com,1767321982167566,Lake Matthew
93f468c4-a,"Santos, Turner and Lee",Jose Wilkinson,tswanson@example.com,6272793609,Port Desireeside
2d7cf2c0-c,"James, Waller and Garrett",Lisa Walker,parkscrystal@example.org,6138154682564,Williamshaven
4d13c166-4,Briggs LLC,Stephanie Adams,jfranco@example.com,00174473748180285,New Sarahview
6d9958b2-e,"Johnson, Wilson and Wilson",Susan Mccall,fgreen@example.com,7844723789,Port Erin
4a792db2-b,Turner-Williams,John Hines,mmoore@example.org,15875344528,Jamesborough
dfe6960a-0,"Estes, Brown and Dorsey",Kelsey Johnson,smithaustin@example.net,401339421896253,Weissberg
a023334f-d,Boone-Nicholson,James Davis,johnedwards@example.com,2104157358,West Brian
278c9b63-c,White Inc,Carly Hudson,palmerjoseph@example.net,14575309788,Lake Heidi
243a36b2-5,Reynolds-Riggs,Lisa Moran,donnarodriguez@example.net,00191377630940799,South Melissa
9b297744-4,Sampson-Leonard,Diana Hawkins,donald50@example.org,2988442029,Wandaburgh
67eaf84f-f,"Williams, Thompson and Hoover",Jade Leach,michellebarber@example.org,0018304131178850,East Davidland
741b6d33-8,"Callahan, Graves and Morris",Mrs. Diane Collins,elizabeth68@example.net,4078058393,Melissashire
5db2f2d6-2,Oliver Ltd,Catherine Long,mendezandrew@example.com,858656806478115,Kimberlyshire
c6e383c4-3,"Farrell, Wright and James",Erin Lindsey,grayjulie@example.com,3498475636,West Ericshire
b924fc4c-f,Smith-Kim,Thomas Lyons,teresa12@example.com,0016695229193,South Andres
615858f9-1,Williams-Murillo,Jamie Owens,james92@example.org,46263431093771,Chrisshire
bb77c6a0-c,Ryan-Walton,Ann Schmidt,alee@example.com,0017785648762825,East Brittany
7b434151-2,Beltran-Williams,Margaret Gross,smithjeffery@example.org,9714511297049,Ramirezfort
ae08a7a9-a,Vasquez PLC,Megan Bishop DDS,kristen82@example.net,2122417178,Port Brittanyfort
603cb1aa-1,Edwards-Murray,Krista Stuart,tristan05@example.net,167694462673528,Collinsville
9c6cb8ef-a,Perkins-Mitchell,Carla Brown,fdavidson@example.org,1606588607622876,Johnmouth
b68965e9-1,Stark-Banks,Crystal Richard,stevencole@example.org,1838710666339978,Port Debra
9eae21a0-8,Dawson-Weaver,Robert Taylor,elizabethkerr@example.org,887409421969789,West Diana
b9aa49f2-4,Williams Inc,Katherine Gutierrez,zporter@example.org,0012439896207,New Davidport
fbd9dcf4-b,"Hernandez, Bowman and Mitchell",Allison Brown,amysmith@example.net,16977329156,Johnburgh
05843fd4-9,"Perez, Thomas and Mitchell",Carol Powers,christine03@example.org,3159257718,East Sheilachester
2d4e9794-6,Gonzalez-Bush,Ann Bender,hmoss@example.com,9244957823,West Mary
46e58cca-b,Smith Ltd,Terri Washington,timothy03@example.net,92938989871697,South Patriciashire
d6bbcb73-6,Graves Inc,Karen Elliott,ashields@example.com,3423376570,Matthewville
9991896e-a,Lucero and Sons,Alexis Berg,millerjulie@example.org,0013266797816289,East Lisaberg
2f2403a1-8,Drake and Sons,Jordan Brown,lisa44@example.org,4818222857,South Georgeside
8ab607d3-0,Burton Inc,Tracy Davis,ortegacynthia@example.net,8843678235,Crystalport
28ac3b55-4,Padilla LLC,Patricia Baldwin,kristina91@example.com,4765986610,South Melanieville
a5f0edf7-3,"Hernandez, Myers and Byrd",Alexandra Strickland,brianshort@example.net,2954789502,Lake Jadeland
3240403d-5,Schneider-Henderson,Daniel Martin,angelicamunoz@example.org,5719969126819,Jenniferborough
18e48380-1,"Mcdaniel, Hale and Walker",Dawn Lee,ramirezcrystal@example.net,929493390551161,South Angelica
84b473e5-5,"Powell, Ross and Morales",Stacy Simpson,gilmorekayla@example.com,00167783681755617,South Brittanybury
2a3e2c87-6,"Blankenship, Newman and Middleton",Timothy Mccall,brittneyhood@example.com,6816187595,North Tina
dd59d969-7,Skinner Inc,Jessica Bell,tylerbaldwin@example.org,9577438089,East Jonathanport
5288a33d-1,"Johnson, Martinez and Sawyer",Keith Marquez,ryan51@example.com,21687660483112,East Latoyamouth
0040469d-2,Yang-Murphy,Donald Wilson,ericphillips@example.org,13344374330,Leeland
e2c6e413-0,Williams LLC,Joshua Reilly,khoward@example.net,80238185699337,Mccarthyfort
9ae2e2b2-5,"Wilson, Spencer and Webb",Daniel Harris,ewatts@example.net,3415461420,Quinnland
e423a829-4,Solomon-Hood,Eric Powell,ghill@example.com,00135842781819744,Shaneburgh
8c8e0561-a,Fox Inc,Katie Salazar,ithomas@example.net,00132653686291929,Port Cory
d4ed62a1-f,"Lewis, Espinoza and Hernandez",John Graves,nharvey@example.org,17764907957965,Lake Michael
35f3782d-3,Wells and Sons,James Burke,shelley96@example.com,9629177675,Port Robert
b7c25062-a,"Perry, Sharp and Williamson",Jeffrey Mccormick,darlene11@example.net,0013057102858533,Parkerstad
db6134af-c,"Ford, Porter and Gates",Steve Valenzuela,caitlyn96@example.net,6483506741,South Terri
13a5df51-9,Burns PLC,James Kim,josephmartinez@example.com,7533492806,North Monicaborough
3dcdd2f0-a,Goodman and Sons,Michael Lewis,vgarcia@example.org,0019436377554305,South Karenmouth
ceb85bc4-a,"Hoffman, Oneill and Romero",James Dillon,goodwinelizabeth@example.net,821635275261429,Wallacemouth
6745a5fd-d,"Mckinney, Baker and Weber",Deborah Moore,jordanrebecca@example.com,44134882046731,Sarahbury
31f16334-6,Scott-Brown,Katherine Perez,mooneyrodney@example.com,99066271577835,South Shelia
761c3cc5-7,Herrera Inc,Anthony Andrews,lewispeter@example.com,6423526567957,Robertfort
f7312508-9,Davis PLC,Angela Anderson,stephanie59@example.net,7639055470553,Bartlettfurt
9683e165-2,"Santana, Clay and Taylor",Sara Gomez,bobbyswanson@example.com,001201517295269147,South Stephen
8227415d-5,King PLC,Eileen Obrien,courtney63@example.net,0012599511389768,East Brandy
1983956f-9,Sanchez-Gallegos,Kevin Scott,nbrown@example.org,6489604650,Lake Matthew
7e794cc6-f,Moore-Hunter,Samantha Lawrence,jamierichard@example.com,7993886670,Selenatown
20762427-9,"Moss, Phillips and Griffith",Catherine Rose,james59@example.org,8099404759981,Oliviaport
b4602d47-d,Thomas and Sons,Leon Hester,carla57@example.com,37469568799813,East Michael
4e019d36-e,Reed-Stone,Donald Jones DDS,cynthia47@example.org,8337362207,Johnsonchester
f2f37f58-3,Tran-Allen,Melissa Herrera,joshuajenkins@example.org,7416596389,New Derrick
6839e6c3-0,White-Brooks,Thomas Hernandez,eraymond@example.com,001247931790154583,West Heatherton
9cb3f1a2-e,Hughes-Mcgee,Anthony Ingram,villarrealadrienne@example.com,001612869209984668,Christinemouth
f8aca239-f,"Garcia, Singleton and Mccall",Samantha Petersen,kcarr@example.com,452562389566724,Marquezview
d91275f0-5,Owens Inc,Tiffany Wilson,mcole@example.org,8528305456,West Donaldtown
817454ab-1,Henry PLC,Edward Myers MD,garciarobert@example.org,00163496465331405,Nicholaschester
853acc85-1,Jones-Hernandez,Daniel Allen,georgegoodman@example.org,0012542022876,East Ericberg
f4170ad8-9,Pierce and Sons,Barbara Downs,lgillespie@example.com,1815443411215256,South Garyport
2bfd65ec-f,Lewis Ltd,David Weiss,chanmichael@example.org,323677518927452,Tinaside
a994fed2-b,Reynolds Inc,Joshua Webb,amanda33@example.com,1748825234196164,Lake Thomasstad
1748fbf9-b,Jones-Chavez,Nichole Carroll,triddle@example.org,0016706733829793,Lake Allenberg
